seller_id,category,zone,latitude,longitude,population,water_consumption_lpd,wastewater_generated_kl,day_of_week,season
S0001,Institution,South,12.894982,77.598029,186,30201.8,24.16,4,Winter
S0002,Apartment,West,12.946241,77.48624,124,16955.75,12.89,4,Monsoon
S0003,Apartment,East,12.984045,77.688323,199,20798.07,16.64,3,Winter
S0004,Industry,West,12.977542,77.480031,476,71113.7,56.89,1,Winter
S0005,Industry,Central,12.97099,77.587278,760,107906.3,94.96,6,Summer
S0006,Institution,East,12.96558,77.671686,350,47769.96,42.04,6,Summer
S0007,Institution,South,12.904735,77.575298,323,47607.99,38.09,2,Winter
S0008,Industry,East,12.994398,77.687212,366,36988.4,32.55,0,Summer
S0009,Industry,South,12.918625,77.592336,976,98846.64,79.08,1,Winter
S0010,Institution,East,12.987369,77.677606,343,35243.62,28.19,5,Winter
S0011,Apartment,East,12.975642,77.667289,181,22613.58,18.09,5,Winter
S0012,Hospital,West,12.948318,77.502708,340,56910.15,43.25,3,Monsoon
S0013,Apartment,East,12.99758,77.695793,63,9965.45,7.97,6,Winter
S0014,Hospital,South,12.88354,77.567839,339,42722.96,34.18,4,Winter
S0015,Industry,Central,12.960854,77.60315,416,50949.5,44.84,3,Summer
S0016,Apartment,West,12.95104,77.491851,94,9960.62,7.57,6,Monsoon
S0017,Industry,East,12.976936,77.675795,847,85074.18,68.06,2,Winter
S0018,Industry,Central,12.957954,77.598454,618,99931.61,79.95,4,Winter
S0019,Institution,Central,12.987052,77.596043,107,18088.17,13.75,3,Monsoon
S0020,Institution,South,12.893236,77.562542,141,17768.07,14.21,2,Winter
S0021,Institution,Central,12.973652,77.580989,114,15706.6,13.82,4,Summer
S0022,Institution,North,13.118868,77.613957,84,12171.78,9.74,6,Winter
S0023,Institution,East,12.970243,77.661617,286,38382.14,33.78,1,Summer
S0024,Commercial,West,12.957573,77.488069,451,68061.69,59.89,3,Summer
S0025,Apartment,North,13.102531,77.607821,278,33344.26,26.68,4,Winter
S0026,Industry,North,13.101594,77.588122,724,76858.68,61.49,2,Winter
S0027,Hospital,South,12.907791,77.595219,319,52523.23,46.22,0,Summer
S0028,Institution,North,13.08422,77.598261,187,21491.09,16.33,5,Monsoon
S0029,Hospital,Central,12.985331,77.582974,497,63866.4,48.54,5,Monsoon
S0030,Hospital,Central,12.954402,77.579117,595,59524.77,52.38,4,Summer
S0031,Institution,West,12.974429,77.480278,216,29977.86,23.98,0,Winter
S0032,Industry,North,13.084795,77.593505,573,67328.15,51.17,0,Monsoon
S0033,Commercial,South,12.896153,77.562596,151,18082.26,13.74,6,Monsoon
S0034,Industry,East,12.97989,77.672035,824,148171.05,130.39,2,Summer
S0035,Hospital,East,12.984383,77.680107,203,20836.74,16.67,0,Winter
S0036,Commercial,Central,12.975374,77.597228,152,21151.75,16.08,5,Monsoon
S0037,Institution,East,12.969682,77.686885,282,36539.4,32.15,0,Summer
S0038,Industry,South,12.909129,77.574711,809,121902.04,97.52,2,Winter
S0039,Commercial,West,12.972657,77.511934,300,37698.72,28.65,5,Monsoon
S0040,Commercial,North,13.107833,77.614334,351,54126.01,43.3,2,Winter
S0041,Commercial,North,13.108446,77.61238,247,37448.61,29.96,3,Winter
S0042,Commercial,North,13.117621,77.595903,138,24141.5,19.31,0,Winter
S0043,Hospital,South,12.907028,77.589409,583,101427.71,77.09,5,Monsoon
S0044,Industry,East,12.987831,77.669142,343,56724.58,43.11,0,Monsoon
S0045,Industry,East,12.980665,77.670433,503,89148.47,78.45,4,Summer
S0046,Institution,South,12.916017,77.585324,88,10763.25,8.61,2,Winter
S0047,Industry,East,12.989038,77.695884,351,46458.59,35.31,0,Monsoon
S0048,Industry,North,13.105681,77.583366,619,106396.4,93.63,3,Summer
S0049,Apartment,South,12.903227,77.574891,266,40719.32,35.83,4,Summer
S0050,Commercial,South,12.891357,77.572215,293,45518.02,34.59,4,Monsoon
S0051,Industry,South,12.888971,77.588487,597,75241.09,57.18,3,Monsoon
S0052,Industry,East,12.974659,77.689767,394,60127.96,52.91,0,Summer
S0053,Commercial,West,12.961702,77.500353,474,56897.51,43.24,5,Monsoon
S0054,Commercial,East,12.99892,77.675724,363,54628.27,41.52,1,Monsoon
S0055,Hospital,South,12.894003,77.585804,516,71931.13,54.67,4,Monsoon
S0056,Apartment,East,12.969207,77.679968,53,5403.1,4.75,0,Summer
S0057,Apartment,Central,12.951744,77.609782,207,36497.06,27.74,4,Monsoon
S0058,Hospital,East,12.99534,77.689909,186,32413.38,25.93,0,Winter
S0059,Commercial,North,13.102111,77.602892,287,48285.1,36.7,6,Monsoon
S0060,Commercial,South,12.892228,77.567636,260,32591.98,28.68,1,Summer
S0061,Commercial,South,12.902272,77.597446,157,27381.01,20.81,5,Monsoon
S0062,Institution,East,12.963887,77.6846,230,25577.55,20.46,2,Winter
S0063,Institution,North,13.091812,77.592902,183,28504.31,25.08,2,Summer
S0064,Apartment,North,13.108356,77.602113,219,36080.01,31.75,2,Summer
S0065,Commercial,South,12.890248,77.584461,415,58476.57,44.44,0,Monsoon
S0066,Industry,North,13.105116,77.587771,975,152253.42,133.98,5,Summer
S0067,Institution,West,12.9756,77.49352,171,25018.87,19.01,6,Monsoon
S0068,Industry,South,12.906881,77.573126,897,128640.18,113.2,4,Summer
S0069,Industry,East,12.993557,77.694416,504,51905.88,41.52,5,Winter
S0070,Industry,West,12.952131,77.501483,812,115124.92,101.31,4,Summer
S0071,Hospital,East,12.970862,77.69861,252,26920.6,23.69,4,Summer
S0072,Hospital,North,13.087775,77.596454,504,76101.17,57.84,3,Monsoon
S0073,Industry,North,13.08531,77.618781,305,38380.14,30.7,0,Winter
S0074,Institution,East,12.975953,77.677341,137,14559.88,12.81,4,Summer
S0075,Commercial,East,12.967373,77.663235,226,35183.21,26.74,4,Monsoon
S0076,Commercial,South,12.882328,77.596609,338,40566.57,32.45,5,Winter
S0077,Hospital,Central,12.953755,77.577315,386,47244.36,35.91,4,Monsoon
S0078,Industry,West,12.969516,77.502174,989,156660.71,137.86,2,Summer
S0079,Apartment,West,12.949909,77.494239,278,30472.46,23.16,4,Monsoon
S0080,Institution,South,12.884643,77.56184,173,29139.57,23.31,3,Winter
S0081,Apartment,Central,12.957013,77.570686,267,37200.92,28.27,6,Monsoon
S0082,Apartment,East,12.973852,77.678587,150,19782.06,17.41,1,Summer
S0083,Hospital,North,13.117966,77.615467,329,42759.8,37.63,1,Summer
S0084,Commercial,West,12.977337,77.500042,424,65600.05,57.73,6,Summer
S0085,Institution,Central,12.98777,77.604688,239,41877.2,31.83,3,Monsoon
S0086,Hospital,West,12.955527,77.505732,566,93331.33,70.93,2,Monsoon
S0087,Hospital,South,12.917659,77.575444,566,86099.23,65.44,2,Monsoon
S0088,Hospital,North,13.087832,77.582774,244,31764.1,25.41,4,Winter
S0089,Apartment,West,12.943778,77.50732,130,19819.52,15.06,4,Monsoon
S0090,Institution,East,12.993795,77.660931,194,23774.39,18.07,3,Monsoon
S0091,Hospital,North,13.107716,77.593933,224,38124.3,28.97,3,Monsoon
S0092,Institution,Central,12.966718,77.608703,243,27749.42,22.2,0,Winter
S0093,Hospital,East,12.982741,77.683037,248,32986.33,25.07,1,Monsoon
S0094,Apartment,West,12.950001,77.503222,200,34892.12,30.71,4,Summer
S0095,Institution,Central,12.959544,77.597194,358,57410.11,45.93,0,Winter
S0096,Industry,West,12.955109,77.501373,795,132062.69,100.37,5,Monsoon
S0097,Hospital,East,12.971905,77.663999,249,25115.89,19.09,0,Monsoon
S0098,Institution,West,12.973886,77.494196,363,63889.8,48.56,3,Monsoon
S0099,Industry,Central,12.972938,77.595273,268,33086.44,29.12,0,Summer
S0100,Institution,Central,12.972148,77.578509,132,21559.07,18.97,0,Summer
S0101,Industry,South,12.884539,77.597237,385,40272.81,32.22,6,Winter
S0102,Institution,North,13.082235,77.609481,300,38421.96,33.81,1,Summer
S0103,Institution,North,13.118746,77.607521,332,55470.05,42.16,5,Monsoon
S0104,Hospital,West,12.968039,77.482911,583,99898.07,87.91,1,Summer
S0105,Institution,East,12.963254,77.663394,215,27937.46,22.35,0,Winter
S0106,Institution,North,13.115214,77.589467,296,43615.93,34.89,3,Winter
S0107,Commercial,East,12.97505,77.66334,463,66983.29,50.91,2,Monsoon
S0108,Industry,South,12.889949,77.57321,325,45308.25,36.25,4,Winter
S0109,Commercial,West,12.956208,77.502859,247,27047.84,23.8,4,Summer
S0110,Industry,North,13.112912,77.609768,586,85948.33,65.32,5,Monsoon
S0111,Industry,North,13.096009,77.599109,608,103048.66,78.32,5,Monsoon
S0112,Hospital,East,12.977453,77.692084,322,57184.08,45.75,4,Winter
S0113,Hospital,North,13.092907,77.581736,362,64956.26,57.16,4,Summer
S0114,Industry,East,12.97012,77.687816,640,90782.61,79.89,0,Summer
S0115,Institution,East,12.968672,77.67178,80,12016.37,10.57,5,Summer
S0116,Hospital,South,12.895368,77.589484,161,28448.09,22.76,5,Winter
S0117,Institution,Central,12.968226,77.594805,87,9880.97,8.7,3,Summer
S0118,Apartment,South,12.898548,77.574134,227,27529.43,22.02,4,Winter
S0119,Apartment,East,12.998976,77.699448,295,30262.66,26.63,0,Summer
S0120,Hospital,South,12.892381,77.592552,369,44898.67,34.12,4,Monsoon
S0121,Industry,Central,12.986437,77.602901,793,105731.58,80.36,4,Monsoon
S0122,Hospital,West,12.964537,77.49673,461,78431.28,62.75,2,Winter
S0123,Hospital,West,12.941809,77.481055,438,71047.18,62.52,1,Summer
S0124,Institution,Central,12.989491,77.576017,361,47100.13,41.45,5,Summer
S0125,Commercial,West,12.973167,77.502763,197,20280.31,17.85,6,Summer
S0126,Institution,East,12.970936,77.662255,85,13203.66,11.62,4,Summer
S0127,Apartment,East,12.999989,77.699865,230,33766.75,27.01,4,Winter
S0128,Institution,North,13.117791,77.613986,224,26720.24,20.31,0,Monsoon
S0129,Commercial,South,12.885166,77.598162,304,35439.78,28.35,0,Winter
S0130,Industry,North,13.106868,77.604725,547,66457.11,53.17,6,Winter
S0131,Industry,South,12.906863,77.580812,317,52783.58,42.23,1,Winter
S0132,Industry,South,12.914087,77.582076,588,62958.72,50.37,2,Winter
S0133,Commercial,East,12.976139,77.665361,402,53724.43,47.28,4,Summer
S0134,Apartment,Central,12.974812,77.598163,228,39273.48,34.56,3,Summer
S0135,Industry,Central,12.989219,77.594324,997,143952.09,115.16,2,Winter
S0136,Apartment,South,12.916166,77.57393,215,29255.66,22.23,6,Monsoon
S0137,Industry,Central,12.965862,77.594883,762,118728.25,94.98,4,Winter
S0138,Industry,West,12.945883,77.517064,529,85440.6,75.19,3,Summer
S0139,Hospital,West,12.958365,77.519201,202,25814.2,22.72,5,Summer
S0140,Industry,North,13.105336,77.589606,310,34196.22,27.36,6,Winter
S0141,Institution,Central,12.973391,77.586012,87,9953.27,8.76,3,Summer
S0142,Industry,South,12.893827,77.595872,394,55640.24,44.51,1,Winter
S0143,Commercial,Central,12.974077,77.578954,376,42681.57,32.44,3,Monsoon
S0144,Apartment,West,12.953905,77.481272,119,13048.45,10.44,0,Winter
S0145,Industry,North,13.09424,77.615769,277,35015.01,26.61,2,Monsoon
S0146,Commercial,South,12.881572,77.591976,220,34105.01,27.28,5,Winter
S0147,Institution,East,12.966279,77.675091,105,17793.73,13.52,0,Monsoon
S0148,Institution,West,12.963891,77.51945,382,49521.63,37.64,5,Monsoon
S0149,Hospital,East,12.969445,77.690398,227,31099.63,27.37,4,Summer
S0150,Hospital,North,13.082494,77.58591,520,81675.34,71.87,6,Summer
S0151,Apartment,South,12.913778,77.589985,286,48441.88,42.63,5,Summer
S0152,Commercial,West,12.961305,77.489699,218,28379.84,22.7,1,Winter
S0153,Industry,Central,12.972559,77.603628,285,35966.94,28.77,3,Winter
S0154,Industry,Central,12.959329,77.583717,224,34569.51,26.27,2,Monsoon
S0155,Institution,North,13.105953,77.599183,307,43891.34,33.36,1,Monsoon
S0156,Institution,Central,12.97231,77.593461,315,34715.02,26.38,0,Monsoon
S0157,Hospital,South,12.893498,77.595986,469,68315.6,51.92,2,Monsoon
S0158,Industry,East,12.999461,77.684231,488,49094.14,39.28,4,Winter
S0159,Apartment,East,12.966114,77.669838,53,8907.47,6.77,5,Monsoon
S0160,Commercial,South,12.891404,77.566935,410,68627.9,60.39,2,Summer
S0161,Institution,East,12.98098,77.676416,115,20674.75,16.54,5,Winter
S0162,Apartment,Central,12.965914,77.608779,53,5322.47,4.05,5,Monsoon
S0163,Institution,West,12.950316,77.486836,141,24583.36,19.67,6,Winter
S0164,Apartment,North,13.101401,77.599065,222,35866.19,28.69,5,Winter
S0165,Commercial,North,13.11872,77.608438,311,43729.35,34.98,0,Winter
S0166,Industry,South,12.901194,77.588289,853,104996.15,79.8,4,Monsoon
S0167,Hospital,Central,12.970244,77.607281,482,68736.65,52.24,0,Monsoon
S0168,Apartment,Central,12.964769,77.588171,54,5673.78,4.99,3,Summer
S0169,Commercial,East,12.968069,77.687383,183,22027.94,16.74,4,Monsoon
S0170,Apartment,North,13.080108,77.584668,192,26443.41,20.1,6,Monsoon
S0171,Apartment,East,12.991772,77.664268,118,19641.05,14.93,3,Monsoon
S0172,Institution,West,12.956341,77.517318,216,25142.43,19.11,2,Monsoon
S0173,Hospital,South,12.88266,77.589645,555,57635.4,43.8,4,Monsoon
S0174,Hospital,South,12.885591,77.591811,419,68700.48,52.21,2,Monsoon
S0175,Hospital,North,13.086571,77.612583,528,79569.96,60.47,5,Monsoon
S0176,Institution,East,12.974353,77.695088,168,25979.28,19.74,6,Monsoon
S0177,Apartment,Central,12.978551,77.605987,174,21595.18,17.28,6,Winter
S0178,Institution,North,13.09755,77.603099,224,38520.38,33.9,6,Summer
S0179,Commercial,Central,12.971274,77.572665,203,30437.63,23.13,2,Monsoon
S0180,Commercial,South,12.897261,77.573313,278,35248.3,28.2,3,Winter
S0181,Industry,West,12.971761,77.504803,677,116113.22,92.89,3,Winter
S0182,Institution,East,12.999908,77.690096,368,37787.19,28.72,5,Monsoon
S0183,Commercial,West,12.968563,77.499759,429,54640.25,41.53,5,Monsoon
S0184,Industry,East,12.981459,77.675153,415,61551.4,54.17,6,Summer
S0185,Hospital,West,12.971892,77.485997,196,26012.42,22.89,4,Summer
S0186,Hospital,East,12.988801,77.685646,392,56934.34,50.1,1,Summer
S0187,Commercial,North,13.090072,77.593828,110,19439.86,14.77,5,Monsoon
S0188,Institution,West,12.949094,77.496944,381,56843.68,43.2,1,Monsoon
S0189,Hospital,South,12.903449,77.580236,260,41102.79,32.88,2,Winter
S0190,Commercial,South,12.917285,77.582605,423,69036.46,60.75,4,Summer
S0191,Commercial,North,13.10829,77.586102,191,24821.37,18.86,0,Monsoon
S0192,Institution,East,12.976965,77.689458,375,62713.19,55.19,2,Summer
S0193,Hospital,West,12.958034,77.48453,554,62735.87,47.68,3,Monsoon
S0194,Commercial,East,12.964987,77.696834,418,52214.7,45.95,2,Summer
S0195,Institution,Central,12.973651,77.58596,388,49204.52,43.3,3,Summer
S0196,Hospital,West,12.971512,77.504149,440,58015.54,44.09,0,Monsoon
S0197,Institution,West,12.974541,77.516918,289,40016.95,35.21,2,Summer
S0198,Commercial,North,13.098089,77.588984,463,80108.24,64.09,5,Winter
S0199,Hospital,South,12.887055,77.579935,347,35640.49,28.51,0,Winter
S0200,Apartment,Central,12.964496,77.593224,199,23403.95,18.72,1,Winter
S0201,Institution,East,12.986541,77.667121,163,22285.22,17.83,3,Winter
S0202,Hospital,West,12.956585,77.483414,338,38787.88,29.48,6,Monsoon
S0203,Apartment,North,13.103815,77.582683,264,35413.78,28.33,2,Winter
S0204,Institution,West,12.953975,77.498729,384,39522.81,34.78,5,Summer
S0205,Institution,West,12.973463,77.503498,336,54446.18,43.56,6,Winter
S0206,Apartment,East,12.981106,77.681378,162,21393.89,16.26,5,Monsoon
S0207,Commercial,Central,12.980614,77.574119,363,61326.25,46.61,6,Monsoon
S0208,Hospital,West,12.97013,77.490892,515,73195.03,55.63,0,Monsoon
S0209,Apartment,South,12.881015,77.566246,227,38444.61,33.83,0,Summer
S0210,Apartment,South,12.902069,77.570156,264,40590.37,30.85,4,Monsoon
S0211,Institution,West,12.963802,77.493571,308,35199.34,28.16,0,Winter
S0212,Industry,South,12.902269,77.588833,295,52834.0,42.27,5,Winter
S0213,Hospital,Central,12.983209,77.585887,314,34943.98,30.75,5,Summer
S0214,Hospital,East,12.971726,77.695853,156,23502.84,18.8,0,Winter
S0215,Industry,North,13.088315,77.581061,580,98667.01,74.99,4,Monsoon
S0216,Institution,North,13.096857,77.615707,382,57292.7,50.42,2,Summer
S0217,Industry,South,12.890377,77.575188,670,68834.63,52.31,3,Monsoon
S0218,Hospital,West,12.964966,77.496376,371,47866.65,38.29,4,Winter
S0219,Industry,East,12.971779,77.697938,563,62610.7,50.09,1,Winter
S0220,Commercial,Central,12.972631,77.609415,314,51492.36,39.13,0,Monsoon
S0221,Commercial,South,12.899391,77.580498,108,15479.72,13.62,4,Summer
S0222,Industry,North,13.096102,77.588721,477,79560.94,60.47,3,Monsoon
S0223,Hospital,East,12.965291,77.696023,247,30080.79,22.86,2,Monsoon
S0224,Industry,South,12.912903,77.581186,241,35215.24,30.99,5,Summer
S0225,Hospital,South,12.882687,77.57621,527,83063.74,73.1,4,Summer
S0226,Industry,Central,12.95044,77.575475,486,82576.85,62.76,1,Monsoon
S0227,Institution,East,12.984021,77.686601,252,42096.24,33.68,4,Winter
S0228,Hospital,South,12.895326,77.580757,213,27329.97,20.77,5,Monsoon
S0229,Industry,North,13.109521,77.583312,491,79384.33,63.51,4,Winter
S0230,Industry,East,12.975572,77.671548,711,123174.42,98.54,2,Winter
S0231,Apartment,North,13.091885,77.602656,147,19364.6,15.49,5,Winter
S0232,Industry,East,12.9654,77.67935,961,98497.36,78.8,3,Winter
S0233,Apartment,Central,12.956481,77.603661,130,18162.21,13.8,4,Monsoon
S0234,Institution,South,12.886187,77.584933,152,16113.68,12.89,0,Winter
S0235,Hospital,South,12.896512,77.588197,253,34100.91,30.01,6,Summer
S0236,Apartment,South,12.883037,77.563111,157,24425.39,21.49,5,Summer
S0237,Institution,Central,12.95021,77.574124,180,19318.78,15.46,2,Winter
S0238,Commercial,West,12.978484,77.511601,156,21166.15,18.63,6,Summer
S0239,Apartment,North,13.083468,77.618327,132,20932.29,15.91,4,Monsoon
S0240,Hospital,South,12.910361,77.588964,347,61920.81,47.06,1,Monsoon
S0241,Industry,East,12.979577,77.668848,688,120761.03,91.78,6,Monsoon
S0242,Commercial,East,12.961767,77.683531,381,55410.97,48.76,1,Summer
S0243,Apartment,East,12.972514,77.664821,56,6932.12,6.1,1,Summer
S0244,Apartment,West,12.956871,77.511814,272,45958.05,40.44,6,Summer
S0245,Apartment,East,12.978206,77.680897,152,15650.01,12.52,6,Winter
S0246,Commercial,North,13.094588,77.602427,400,42462.5,37.37,4,Summer
S0247,Hospital,South,12.901211,77.577641,513,74792.44,59.83,0,Winter
S0248,Industry,West,12.961536,77.506466,596,89442.5,67.98,4,Monsoon
S0249,Institution,West,12.964635,77.489318,390,53412.62,42.73,1,Winter
S0250,Commercial,North,13.080851,77.614988,240,31372.11,25.1,2,Winter
S0251,Apartment,Central,12.952801,77.570379,78,12587.25,11.08,4,Summer
S0252,Industry,South,12.881504,77.579191,471,80020.15,60.82,6,Monsoon
S0253,Institution,South,12.895931,77.563668,144,17150.71,13.03,2,Monsoon
S0254,Apartment,Central,12.968692,77.58188,291,35998.05,28.8,5,Winter
S0255,Hospital,Central,12.973564,77.581091,586,104904.43,79.73,0,Monsoon
S0256,Industry,West,12.944379,77.495665,339,59837.99,52.66,4,Summer
S0257,Institution,North,13.111454,77.583576,277,49468.44,39.57,6,Winter
S0258,Institution,East,12.997789,77.678696,305,34575.63,27.66,3,Winter
S0259,Institution,Central,12.952599,77.586063,142,16819.27,12.78,2,Monsoon
S0260,Apartment,Central,12.970508,77.579227,275,35949.99,31.64,0,Summer
S0261,Commercial,East,12.967458,77.691183,361,59226.23,52.12,5,Summer
S0262,Apartment,West,12.978764,77.515351,148,21871.73,17.5,0,Winter
S0263,Hospital,East,12.966956,77.67585,327,45549.43,36.44,0,Winter
S0264,Institution,West,12.946156,77.512633,348,41031.08,36.11,6,Summer
S0265,Apartment,East,12.961395,77.695797,150,16097.84,14.17,0,Summer
S0266,Institution,East,12.975647,77.670918,108,18478.78,14.04,0,Monsoon
S0267,Industry,South,12.914088,77.561417,662,100901.62,76.69,4,Monsoon
S0268,Institution,East,12.989409,77.671256,203,26352.46,20.03,2,Monsoon
S0269,Commercial,East,12.988937,77.679835,136,15995.59,12.16,4,Monsoon
S0270,Commercial,South,12.915779,77.599659,213,29737.3,22.6,5,Monsoon
S0271,Hospital,East,12.983696,77.692987,205,31358.64,27.6,2,Summer
S0272,Institution,Central,12.98458,77.599356,295,48319.25,42.52,3,Summer
S0273,Institution,South,12.914023,77.594692,248,31426.74,25.14,4,Winter
S0274,Apartment,East,12.987899,77.687206,240,37420.62,32.93,3,Summer
S0275,Institution,East,12.966344,77.695235,393,53934.38,43.15,6,Winter
S0276,Institution,North,13.113033,77.585155,237,40928.98,31.11,1,Monsoon
S0277,Commercial,North,13.112719,77.613285,111,11156.71,9.82,4,Summer
S0278,Institution,South,12.904677,77.599247,96,10489.68,8.39,1,Winter
S0279,Industry,East,12.98536,77.681599,874,96381.13,84.82,2,Summer
S0280,Commercial,West,12.970441,77.501651,323,54008.74,41.05,3,Monsoon
S0281,Apartment,East,12.985305,77.697281,270,44038.23,33.47,3,Monsoon
S0282,Commercial,Central,12.977515,77.572713,318,36032.65,28.83,3,Winter
S0283,Industry,West,12.942694,77.503287,904,94588.81,71.89,2,Monsoon
S0284,Commercial,North,13.114097,77.619606,274,48637.8,42.8,3,Summer
S0285,Industry,West,12.965903,77.503776,659,67196.22,53.76,2,Winter
S0286,Institution,East,12.992861,77.674873,137,13711.28,10.42,1,Monsoon
S0287,Apartment,East,12.970945,77.699885,258,27909.28,22.33,0,Winter
S0288,Hospital,North,13.086545,77.611792,306,37904.21,30.32,1,Winter
S0289,Hospital,East,12.990913,77.669202,176,29822.2,22.66,5,Monsoon
S0290,Institution,South,12.886042,77.577293,100,17276.2,13.82,4,Winter
S0291,Commercial,Central,12.975541,77.585904,486,60728.69,46.15,1,Monsoon
S0292,Hospital,West,12.975764,77.489198,594,68921.07,55.14,0,Winter
S0293,Commercial,East,12.986067,77.674741,370,50957.36,38.73,2,Monsoon
S0294,Hospital,Central,12.988728,77.577421,294,31544.19,23.97,6,Monsoon
S0295,Institution,Central,12.968148,77.591214,278,41727.14,31.71,3,Monsoon
S0296,Institution,North,13.081301,77.616834,125,17120.97,13.01,5,Monsoon
S0297,Commercial,West,12.944692,77.485007,335,40134.07,35.32,0,Summer
S0298,Institution,Central,12.958021,77.589664,398,60544.38,53.28,4,Summer
S0299,Institution,North,13.09076,77.611902,143,19507.72,14.83,4,Monsoon
S0300,Industry,North,13.082898,77.5957,565,100556.43,88.49,5,Summer
S0301,Hospital,North,13.091667,77.607799,438,77180.81,58.66,0,Monsoon
S0302,Apartment,West,12.941585,77.49922,137,15299.31,11.63,3,Monsoon
S0303,Institution,South,12.919467,77.5657,159,22035.57,16.75,3,Monsoon
S0304,Institution,South,12.908099,77.582386,321,40483.53,30.77,1,Monsoon
S0305,Institution,South,12.90137,77.595301,156,16580.66,14.59,5,Summer
S0306,Commercial,West,12.952884,77.519099,189,29324.71,25.81,1,Summer
S0307,Commercial,East,12.992858,77.661647,404,71154.1,56.92,4,Winter
S0308,Hospital,South,12.908259,77.561263,411,61373.96,54.01,6,Summer
S0309,Apartment,East,12.981652,77.688362,57,10019.92,7.62,3,Monsoon
S0310,Apartment,East,12.992069,77.673578,176,18728.02,14.23,3,Monsoon
S0311,Hospital,Central,12.97212,77.593899,171,23287.71,20.49,2,Summer
S0312,Commercial,Central,12.95163,77.57656,113,12037.94,9.15,5,Monsoon
S0313,Apartment,South,12.903731,77.586012,74,12560.96,11.05,1,Summer
S0314,Industry,North,13.093161,77.598807,884,101279.38,76.97,6,Monsoon
S0315,Institution,East,12.977346,77.661746,379,54738.62,41.6,1,Monsoon
S0316,Commercial,Central,12.976131,77.583293,411,73151.2,55.59,2,Monsoon
S0317,Institution,Central,12.953261,77.58613,172,22957.18,20.2,6,Summer
S0318,Institution,South,12.890307,77.578505,292,46186.67,36.95,4,Winter
S0319,Institution,West,12.97385,77.505151,299,38775.25,29.47,3,Monsoon
S0320,Apartment,East,12.980194,77.681732,228,33355.04,26.68,3,Winter
S0321,Commercial,North,13.081176,77.595821,327,55548.75,42.22,1,Monsoon
S0322,Hospital,East,12.991718,77.6862,392,57776.11,46.22,5,Winter
S0323,Industry,West,12.954366,77.495354,729,109732.59,96.56,6,Summer
S0324,Commercial,South,12.889432,77.59104,199,34371.8,30.25,6,Summer
S0325,Apartment,North,13.105302,77.594914,51,5838.39,4.67,4,Winter
S0326,Apartment,East,12.962765,77.677487,295,50049.7,38.04,6,Monsoon
S0327,Industry,Central,12.973717,77.593177,283,41724.41,33.38,5,Winter
S0328,Institution,South,12.906085,77.572486,107,12909.62,11.36,4,Summer
S0329,Commercial,Central,12.950361,77.593537,263,46705.03,37.36,6,Winter
S0330,Commercial,Central,12.959387,77.605348,217,24647.0,21.69,1,Summer
S0331,Commercial,East,12.977951,77.686776,460,61856.66,54.43,3,Summer
S0332,Institution,North,13.103515,77.617943,392,44438.43,35.55,3,Winter
S0333,Industry,East,12.975174,77.684222,886,135650.46,119.37,4,Summer
S0334,Industry,East,12.991272,77.688215,355,60043.74,48.03,5,Winter
S0335,Institution,South,12.888234,77.564477,209,22956.07,20.2,4,Summer
S0336,Commercial,South,12.917464,77.561574,218,25718.79,20.58,4,Winter
S0337,Industry,West,12.977355,77.492646,890,91959.99,80.92,1,Summer
S0338,Apartment,North,13.095895,77.599196,92,9327.92,7.09,0,Monsoon
S0339,Industry,West,12.965565,77.514717,422,50782.62,44.69,2,Summer
S0340,Apartment,West,12.959554,77.506675,133,14637.89,12.88,5,Summer
S0341,Commercial,South,12.892317,77.588187,333,52824.43,42.26,1,Winter
S0342,Industry,North,13.087534,77.609233,868,117614.02,103.5,4,Summer
S0343,Industry,East,12.998534,77.670212,392,65483.3,52.39,1,Winter
S0344,Commercial,North,13.094972,77.580701,244,40618.72,35.74,6,Summer
S0345,Commercial,North,13.102824,77.581215,427,69874.63,55.9,3,Winter
S0346,Hospital,North,13.107061,77.588627,291,38269.16,33.68,4,Summer
S0347,Institution,West,12.963087,77.493943,271,28145.24,21.39,0,Monsoon
S0348,Institution,Central,12.984658,77.609733,348,56581.61,45.27,4,Winter
S0349,Hospital,South,12.891547,77.564364,247,32685.81,26.15,5,Winter
S0350,Hospital,South,12.917027,77.577527,231,39323.43,29.89,6,Monsoon
S0351,Commercial,Central,12.967423,77.602713,443,54821.05,41.66,6,Monsoon
S0352,Institution,East,12.96023,77.672983,155,23061.91,17.53,6,Monsoon
S0353,Institution,East,12.987819,77.675542,384,55163.5,41.92,2,Monsoon
S0354,Apartment,East,12.969091,77.662928,148,16794.38,12.76,5,Monsoon
S0355,Hospital,North,13.10478,77.59854,152,21795.14,17.44,1,Winter
S0356,Commercial,Central,12.969167,77.571026,253,27504.51,22.0,4,Winter
S0357,Hospital,Central,12.965953,77.593207,449,62022.9,47.14,2,Monsoon
S0358,Hospital,West,12.970595,77.512519,513,90514.69,79.65,4,Summer
S0359,Commercial,South,12.912896,77.577234,435,66032.12,58.11,3,Summer
S0360,Apartment,East,12.998186,77.686188,100,10482.14,9.22,4,Summer
S0361,Apartment,West,12.959167,77.487782,127,17636.46,15.52,4,Summer
S0362,Institution,Central,12.961395,77.582292,318,45340.7,39.9,1,Summer
S0363,Commercial,North,13.104413,77.608646,176,23422.77,20.61,0,Summer
S0364,Institution,West,12.960899,77.484929,187,21414.32,16.27,4,Monsoon
S0365,Commercial,South,12.887383,77.571811,340,49430.89,39.54,1,Winter
S0366,Institution,West,12.97671,77.496981,342,56518.88,42.95,3,Monsoon
S0367,Apartment,West,12.941737,77.505326,172,17235.56,15.17,5,Summer
S0368,Hospital,Central,12.982768,77.605368,542,88616.73,77.98,6,Summer
S0369,Industry,Central,12.974439,77.586441,836,144186.0,115.35,0,Winter
S0370,Apartment,North,13.089475,77.611221,99,15697.11,11.93,3,Monsoon
S0371,Apartment,West,12.95695,77.506702,195,31459.84,25.17,1,Winter
S0372,Industry,South,12.898071,77.583464,886,105273.5,80.01,3,Monsoon
S0373,Apartment,North,13.114512,77.58867,258,29483.12,25.95,4,Summer
S0374,Commercial,North,13.105679,77.604284,259,39118.55,29.73,0,Monsoon
S0375,Apartment,South,12.895636,77.583779,202,36162.61,27.48,2,Monsoon
S0376,Hospital,West,12.963882,77.507034,191,25642.89,20.51,6,Winter
S0377,Institution,Central,12.978981,77.570633,359,39587.48,30.09,2,Monsoon
S0378,Institution,North,13.104129,77.593489,367,44749.36,39.38,5,Summer
S0379,Institution,West,12.950596,77.505812,243,28029.9,21.3,0,Monsoon
S0380,Hospital,Central,12.959066,77.5842,345,46710.51,37.37,3,Winter
S0381,Institution,West,12.942705,77.512014,106,16028.63,12.18,5,Monsoon
S0382,Apartment,South,12.903712,77.587205,93,11713.04,9.37,2,Winter
S0383,Hospital,South,12.887613,77.562094,321,49096.03,37.31,0,Monsoon
S0384,Industry,Central,12.989819,77.587854,315,33015.59,29.05,3,Summer
S0385,Hospital,West,12.943551,77.518467,436,69928.74,55.94,6,Winter
S0386,Commercial,South,12.901433,77.563867,220,36463.79,27.71,3,Monsoon
S0387,Hospital,Central,12.963903,77.596596,152,26474.48,23.3,4,Summer
S0388,Institution,South,12.884793,77.598967,197,35341.54,31.1,3,Summer
S0389,Hospital,North,13.089746,77.606862,233,34923.64,27.94,1,Winter
S0390,Institution,North,13.111516,77.614587,351,49332.02,43.41,3,Summer
S0391,Apartment,West,12.96835,77.481446,274,32383.67,24.61,4,Monsoon
S0392,Commercial,West,12.954405,77.483506,348,50217.85,44.19,2,Summer
S0393,Apartment,East,12.993011,77.671188,203,30053.65,22.84,6,Monsoon
S0394,Commercial,East,12.966471,77.691451,242,43408.18,34.73,4,Winter
S0395,Apartment,North,13.095642,77.600046,98,10712.31,8.14,1,Monsoon
S0396,Institution,Central,12.975118,77.596972,237,37378.16,32.89,2,Summer
S0397,Industry,North,13.111601,77.592187,272,34218.21,30.11,2,Summer
S0398,Hospital,South,12.886941,77.587798,355,63207.33,50.57,1,Winter
S0399,Hospital,East,12.992899,77.665301,459,57420.08,43.64,6,Monsoon
S0400,Industry,East,12.979482,77.68425,437,49812.36,39.85,2,Winter
S0401,Hospital,South,12.918112,77.593008,290,37526.8,28.52,4,Monsoon
S0402,Industry,Central,12.951032,77.575407,779,82883.44,72.94,3,Summer
S0403,Institution,West,12.978633,77.4973,220,38481.51,33.86,3,Summer
S0404,Institution,East,12.97758,77.664227,239,28030.65,24.67,5,Summer
S0405,Apartment,East,12.984102,77.674592,80,8392.64,7.39,2,Summer
S0406,Apartment,North,13.087671,77.58847,175,31428.13,23.89,4,Monsoon
S0407,Apartment,South,12.90478,77.571894,264,31451.48,25.16,2,Winter
S0408,Industry,Central,12.952985,77.601308,693,74901.98,59.92,3,Winter
S0409,Commercial,West,12.964722,77.505328,139,22951.35,20.2,6,Summer
S0410,Commercial,Central,12.958832,77.57695,223,37428.6,29.94,1,Winter
S0411,Institution,Central,12.955228,77.605464,141,21477.97,18.9,2,Summer
S0412,Apartment,Central,12.96471,77.586565,63,7191.51,6.33,4,Summer
S0413,Institution,East,12.990772,77.660441,141,19529.56,17.19,5,Summer
S0414,Hospital,North,13.111614,77.603286,463,53326.3,46.93,4,Summer
S0415,Industry,Central,12.958608,77.570485,441,66301.66,53.04,4,Winter
S0416,Apartment,North,13.112061,77.618383,213,27628.8,21.0,0,Monsoon
S0417,Hospital,East,12.981918,77.678175,457,55425.66,44.34,4,Winter
S0418,Apartment,West,12.95953,77.486002,101,12067.3,9.17,1,Monsoon
S0419,Hospital,East,12.979041,77.675036,585,98727.65,75.03,1,Monsoon
S0420,Apartment,South,12.911401,77.595683,154,16658.48,14.66,0,Summer
S0421,Institution,West,12.977713,77.512355,127,15287.45,12.23,1,Winter
S0422,Institution,East,12.997213,77.670122,311,42581.56,32.36,2,Monsoon
S0423,Industry,North,13.099818,77.595454,925,139613.56,106.11,6,Monsoon
S0424,Commercial,West,12.975576,77.498025,272,30467.68,23.16,3,Monsoon
S0425,Institution,Central,12.970489,77.597209,279,29792.56,23.83,2,Winter
S0426,Industry,West,12.966361,77.512085,682,68860.64,55.09,4,Winter
S0427,Institution,West,12.960343,77.495504,307,39288.71,31.43,6,Winter
S0428,Institution,West,12.977693,77.511354,130,14810.74,13.03,4,Summer
S0429,Apartment,West,12.961985,77.513221,57,6908.61,5.25,5,Monsoon
S0430,Hospital,Central,12.953305,77.590586,486,60086.89,45.67,0,Monsoon
S0431,Hospital,Central,12.98904,77.596694,198,23845.75,18.12,3,Monsoon
S0432,Commercial,Central,12.980985,77.595756,477,65950.22,58.04,6,Summer
S0433,Industry,West,12.97874,77.511949,851,117392.8,89.22,1,Monsoon
S0434,Hospital,West,12.964075,77.503297,500,70830.73,53.83,3,Monsoon
S0435,Apartment,South,12.886266,77.561749,66,11500.28,10.12,6,Summer
S0436,Commercial,South,12.8838,77.57504,433,58520.99,46.82,0,Winter
S0437,Institution,West,12.946547,77.490952,292,44990.95,35.99,2,Winter
S0438,Hospital,Central,12.985477,77.595832,271,44789.73,39.41,6,Summer
S0439,Hospital,South,12.915171,77.570337,580,69703.98,52.98,4,Monsoon
S0440,Hospital,North,13.088843,77.619136,451,71383.94,57.11,6,Winter
S0441,Commercial,West,12.947224,77.482154,355,50978.76,38.74,2,Monsoon
S0442,Institution,East,12.970773,77.681582,348,39388.44,29.94,4,Monsoon
S0443,Commercial,North,13.107412,77.583675,149,17445.06,13.26,2,Monsoon
S0444,Institution,South,12.886027,77.573695,357,51186.29,45.04,4,Summer
S0445,Institution,North,13.109737,77.604478,197,28604.75,22.88,4,Winter
S0446,Institution,Central,12.95375,77.593087,360,57920.3,44.02,6,Monsoon
S0447,Industry,Central,12.956434,77.592322,783,93751.96,71.25,4,Monsoon
S0448,Hospital,Central,12.985258,77.581116,373,63553.72,55.93,1,Summer
S0449,Hospital,Central,12.958161,77.592203,533,88056.65,77.49,2,Summer
S0450,Industry,South,12.887521,77.574215,212,30336.28,23.06,3,Monsoon
S0451,Institution,West,12.940209,77.51044,133,22159.72,16.84,5,Monsoon
S0452,Apartment,North,13.088099,77.618323,170,26225.95,23.08,2,Summer
S0453,Industry,East,12.993679,77.678813,410,73679.77,64.84,3,Summer
S0454,Industry,West,12.955415,77.505735,735,86271.89,65.57,1,Monsoon
S0455,Institution,South,12.895661,77.576505,281,42028.37,31.94,3,Monsoon
S0456,Industry,North,13.087253,77.595507,472,69410.52,61.08,3,Summer
S0457,Apartment,North,13.100404,77.608936,278,40698.84,30.93,6,Monsoon
S0458,Industry,East,12.988118,77.662112,735,113276.31,90.62,1,Winter
S0459,Industry,West,12.964086,77.480917,518,54993.3,48.39,5,Summer
S0460,Industry,East,12.987817,77.689837,513,80343.23,64.27,6,Winter
S0461,Hospital,South,12.913005,77.580812,322,35998.38,31.68,6,Summer
S0462,Institution,North,13.10942,77.589434,398,46824.28,37.46,2,Winter
S0463,Commercial,West,12.972055,77.510664,412,71955.42,54.69,4,Monsoon
S0464,Industry,East,12.966939,77.685502,859,139889.98,106.32,2,Monsoon
S0465,Commercial,East,12.987436,77.699645,223,29147.58,23.32,0,Winter
S0466,Institution,South,12.918013,77.568117,140,24972.04,21.98,2,Summer
S0467,Apartment,South,12.881048,77.560968,167,20348.23,16.28,0,Winter
S0468,Commercial,North,13.117185,77.611303,134,18005.92,13.68,2,Monsoon
S0469,Institution,West,12.955077,77.498469,128,17256.25,15.19,4,Summer
S0470,Institution,North,13.108241,77.605247,205,32438.2,25.95,1,Winter
S0471,Institution,East,12.996376,77.691209,179,28862.14,23.09,5,Winter
S0472,Institution,West,12.949009,77.485254,136,21774.96,16.55,0,Monsoon
S0473,Apartment,North,13.118265,77.582758,157,16260.11,14.31,5,Summer
S0474,Apartment,North,13.090468,77.589879,269,43838.96,33.32,1,Monsoon
S0475,Hospital,West,12.950878,77.510376,255,42733.7,34.19,5,Winter
S0476,Hospital,South,12.882615,77.579503,333,34538.78,27.63,1,Winter
S0477,Apartment,North,13.116257,77.58557,245,30677.71,24.54,2,Winter
S0478,Apartment,West,12.953894,77.515993,259,41076.34,31.22,2,Monsoon
S0479,Apartment,East,12.998536,77.682407,248,32606.01,26.08,1,Winter
S0480,Industry,North,13.096752,77.590406,512,71453.95,57.16,4,Winter
S0481,Industry,East,12.970261,77.686167,929,107109.29,81.4,0,Monsoon
S0482,Commercial,Central,12.968557,77.60888,483,85678.64,68.54,4,Winter
S0483,Institution,North,13.084564,77.58605,275,36695.78,29.36,0,Winter
S0484,Apartment,East,12.994025,77.682449,130,23197.37,20.41,4,Summer
S0485,Institution,Central,12.984406,77.598913,248,40507.33,30.79,0,Monsoon
S0486,Industry,South,12.901742,77.563269,397,66598.14,53.28,1,Winter
S0487,Institution,North,13.086631,77.617828,191,22401.86,17.92,1,Winter
S0488,Institution,South,12.898492,77.576471,204,32628.31,28.71,3,Summer
S0489,Institution,North,13.082491,77.6005,138,18870.01,16.61,2,Summer
S0490,Apartment,Central,12.981451,77.578055,184,31237.84,24.99,1,Winter
S0491,Institution,South,12.893209,77.59027,293,29720.65,23.78,4,Winter
S0492,Apartment,East,12.986385,77.666465,63,7503.53,5.7,0,Monsoon
S0493,Hospital,West,12.962407,77.510029,518,52925.82,42.34,0,Winter
S0494,Industry,East,12.963766,77.673747,243,34772.36,30.6,3,Summer
S0495,Apartment,East,12.991934,77.674877,72,11935.31,9.55,1,Winter
S0496,Institution,West,12.943736,77.497643,346,40240.26,32.19,1,Winter
S0497,Industry,North,13.083761,77.594267,496,72518.9,63.82,4,Summer
S0498,Hospital,West,12.952494,77.505707,548,94917.55,75.93,1,Winter
S0499,Hospital,West,12.946318,77.507836,417,47238.9,37.79,2,Winter
S0500,Industry,South,12.894524,77.595887,239,33594.82,25.53,3,Monsoon
S0501,Apartment,East,12.968081,77.667369,150,23791.62,20.94,2,Summer
S0502,Industry,West,12.952526,77.511944,565,60272.58,48.22,0,Winter
S0503,Commercial,North,13.112144,77.600208,115,20593.43,18.12,4,Summer
S0504,Hospital,North,13.119364,77.606717,418,52601.49,46.29,3,Summer
S0505,Hospital,South,12.915277,77.5771,396,43712.9,33.22,4,Monsoon
S0506,Apartment,West,12.96239,77.501096,74,12271.91,9.82,1,Winter
S0507,Institution,West,12.943176,77.50926,268,34021.86,27.22,0,Winter
S0508,Institution,North,13.112763,77.601632,290,46622.31,37.3,0,Winter
S0509,Institution,West,12.958847,77.512865,292,35140.96,30.92,5,Summer
S0510,Apartment,South,12.91313,77.573408,267,31919.1,24.26,3,Monsoon
S0511,Industry,Central,12.983039,77.574025,874,97326.68,85.65,0,Summer
S0512,Apartment,East,12.989587,77.66765,124,18859.38,14.33,5,Monsoon
S0513,Institution,West,12.969523,77.512248,350,42111.3,32.0,0,Monsoon
S0514,Industry,North,13.085051,77.607047,265,33176.3,25.21,3,Monsoon
S0515,Industry,South,12.907267,77.566685,859,101511.78,81.21,6,Winter
S0516,Hospital,West,12.951171,77.505715,153,25904.57,20.72,6,Winter
S0517,Institution,Central,12.962212,77.578506,306,49282.04,39.43,4,Winter
S0518,Commercial,Central,12.976127,77.607532,138,22713.65,18.17,3,Winter
S0519,Commercial,North,13.106599,77.590411,324,55059.96,41.85,2,Monsoon
S0520,Industry,East,12.982418,77.66444,757,103579.3,82.86,3,Winter
S0521,Institution,Central,12.965264,77.575154,226,40260.55,32.21,5,Winter
S0522,Institution,Central,12.969163,77.57072,349,60532.7,48.43,6,Winter
S0523,Hospital,West,12.945098,77.508308,259,44771.16,34.03,1,Monsoon
S0524,Hospital,West,12.967973,77.513578,322,57001.99,45.6,6,Winter
S0525,Apartment,West,12.962367,77.50513,170,20828.69,18.33,6,Summer
S0526,Industry,Central,12.967994,77.578738,636,91110.74,72.89,0,Winter
S0527,Hospital,Central,12.959676,77.570496,525,64420.79,48.96,5,Monsoon
S0528,Hospital,East,12.983934,77.67189,592,93784.46,75.03,0,Winter
S0529,Commercial,West,12.941926,77.516116,363,61775.68,54.36,4,Summer
S0530,Commercial,Central,12.973729,77.605692,226,33921.27,27.14,4,Winter
S0531,Apartment,West,12.973526,77.491412,61,8944.1,6.8,5,Monsoon
S0532,Hospital,East,12.994228,77.680858,474,56967.49,45.57,4,Winter
S0533,Commercial,North,13.103959,77.584597,300,51831.04,45.61,3,Summer
S0534,Commercial,North,13.114742,77.582587,164,16729.86,12.71,6,Monsoon
S0535,Industry,North,13.097217,77.592678,787,107940.72,86.35,6,Winter
S0536,Commercial,Central,12.974077,77.605701,192,21820.14,17.46,4,Winter
S0537,Commercial,West,12.965252,77.503668,256,38699.12,29.41,6,Monsoon
S0538,Industry,South,12.900495,77.564169,605,98578.72,86.75,2,Summer
S0539,Commercial,East,12.986089,77.698021,261,35974.09,28.78,0,Winter
S0540,Commercial,North,13.100251,77.605364,361,61845.94,49.48,1,Winter
S0541,Apartment,Central,12.964474,77.5889,267,46081.64,35.02,2,Monsoon
S0542,Industry,North,13.091073,77.618861,292,40248.61,35.42,2,Summer
S0543,Commercial,West,12.947844,77.504431,336,46348.87,37.08,0,Winter
S0544,Hospital,North,13.100663,77.58022,451,46885.85,35.63,2,Monsoon
S0545,Hospital,South,12.913757,77.571396,444,72907.84,64.16,0,Summer
S0546,Industry,Central,12.95874,77.585872,581,71013.17,56.81,4,Winter
S0547,Apartment,North,13.091382,77.612728,70,8933.25,7.15,6,Winter
S0548,Institution,Central,12.972991,77.571187,271,42324.97,37.25,2,Summer
S0549,Institution,North,13.098024,77.617177,124,16314.19,12.4,3,Monsoon
S0550,Hospital,North,13.109194,77.61529,594,93330.83,74.66,3,Winter
S0551,Commercial,East,12.986984,77.671869,189,33340.51,29.34,1,Summer
S0552,Commercial,West,12.968856,77.514515,273,28416.8,25.01,4,Summer
S0553,Hospital,North,13.113184,77.581622,489,75759.4,60.61,1,Winter
S0554,Institution,East,12.986612,77.692014,161,17288.63,15.21,6,Summer
S0555,Institution,East,12.976758,77.690047,304,40231.11,30.58,2,Monsoon
S0556,Industry,North,13.094191,77.617669,996,153676.42,122.94,1,Winter
S0557,Hospital,South,12.915522,77.583948,547,82535.56,72.63,5,Summer
S0558,Institution,West,12.94463,77.486173,338,53376.23,42.7,2,Winter
S0559,Commercial,North,13.109639,77.6012,486,69360.66,55.49,1,Winter
S0560,Commercial,West,12.940468,77.496881,334,46385.93,37.11,4,Winter
S0561,Institution,South,12.895975,77.596405,141,20401.49,17.95,6,Summer
S0562,Institution,East,12.978664,77.692669,373,62532.83,55.03,5,Summer
S0563,Apartment,East,12.994074,77.676156,222,27090.77,20.59,4,Monsoon
S0564,Hospital,Central,12.98447,77.593611,513,84065.53,73.98,2,Summer
S0565,Institution,East,12.978005,77.683171,120,16137.46,14.2,2,Summer
S0566,Industry,North,13.103288,77.594847,317,49593.66,37.69,0,Monsoon
S0567,Industry,North,13.101033,77.600467,867,116561.51,102.57,3,Summer
S0568,Commercial,North,13.081791,77.610476,146,16404.09,14.44,4,Summer
S0569,Hospital,West,12.96069,77.495156,568,72277.05,63.6,6,Summer
S0570,Hospital,West,12.971669,77.50384,518,79859.88,63.89,4,Winter
S0571,Industry,North,13.101243,77.613669,639,114408.4,91.53,0,Winter
S0572,Commercial,North,13.08421,77.586694,424,50150.27,40.12,2,Winter
S0573,Hospital,Central,12.971277,77.575432,303,31245.26,25.0,5,Winter
S0574,Hospital,West,12.977025,77.496566,200,20373.63,17.93,2,Summer
S0575,Industry,North,13.085882,77.599514,684,114117.48,91.29,4,Winter
S0576,Institution,South,12.918237,77.572559,166,22498.02,17.1,1,Monsoon
S0577,Apartment,East,12.993068,77.699361,126,18717.32,14.97,5,Winter
S0578,Hospital,North,13.095579,77.59542,427,61194.48,48.96,4,Winter
S0579,Apartment,East,12.979115,77.68129,158,25430.44,19.33,2,Monsoon
S0580,Apartment,Central,12.983542,77.584247,147,17749.78,14.2,2,Winter
S0581,Institution,South,12.887087,77.580298,100,17731.34,14.19,6,Winter
S0582,Hospital,West,12.961793,77.48661,596,66236.9,50.34,2,Monsoon
S0583,Hospital,West,12.946021,77.51267,584,94953.18,83.56,2,Summer
S0584,Industry,South,12.915213,77.584936,960,156865.64,138.04,2,Summer
S0585,Hospital,North,13.088052,77.595806,433,72832.6,55.35,4,Monsoon
S0586,Hospital,Central,12.971721,77.57911,213,31404.97,25.12,1,Winter
S0587,Industry,Central,12.978886,77.591335,339,34930.06,26.55,5,Monsoon
S0588,Industry,West,12.97162,77.484993,383,46749.52,41.14,5,Summer
S0589,Institution,South,12.881378,77.598784,226,31873.28,25.5,3,Winter
S0590,Institution,North,13.099336,77.614542,262,34066.91,25.89,5,Monsoon
S0591,Industry,North,13.100898,77.602508,606,79339.48,69.82,2,Summer
S0592,Industry,South,12.916749,77.574491,664,112379.46,85.41,5,Monsoon
S0593,Commercial,West,12.958239,77.497738,274,44158.45,38.86,3,Summer
S0594,Institution,East,12.992264,77.679059,195,19549.42,15.64,0,Winter
S0595,Hospital,East,12.993879,77.695724,296,36985.77,32.55,2,Summer
S0596,Apartment,West,12.957933,77.500417,287,33768.32,27.01,6,Winter
S0597,Industry,Central,12.950765,77.589074,548,56139.29,42.67,2,Monsoon
S0598,Commercial,South,12.907701,77.565377,225,34100.46,27.28,3,Winter
S0599,Hospital,East,12.992177,77.67115,333,47381.32,36.01,5,Monsoon
S0600,Institution,Central,12.950355,77.609913,343,61593.16,46.81,6,Monsoon
S0601,Apartment,East,12.960093,77.661766,85,14172.18,12.47,0,Summer
S0602,Apartment,Central,12.952761,77.570227,185,29880.06,22.71,0,Monsoon
S0603,Apartment,West,12.970645,77.513837,243,26329.62,21.06,6,Winter
S0604,Hospital,Central,12.969505,77.573106,533,82611.01,66.09,6,Winter
S0605,Institution,Central,12.95264,77.583953,338,50891.71,40.71,4,Winter
S0606,Industry,West,12.977908,77.482893,772,83434.13,73.42,5,Summer
S0607,Apartment,East,12.971983,77.663074,168,28117.48,21.37,3,Monsoon
S0608,Apartment,South,12.908283,77.562009,243,38104.54,28.96,6,Monsoon
S0609,Apartment,West,12.948444,77.514536,244,40083.98,30.46,5,Monsoon
S0610,Apartment,East,12.966093,77.670647,167,20995.18,16.8,4,Winter
S0611,Institution,East,12.993689,77.681959,237,42261.48,33.81,4,Winter
S0612,Institution,East,12.968585,77.676645,360,39540.12,31.63,0,Winter
S0613,Apartment,West,12.968792,77.514677,123,18064.91,15.9,5,Summer
S0614,Apartment,Central,12.952871,77.597305,63,8634.39,6.56,5,Monsoon
S0615,Commercial,South,12.912901,77.592158,121,17552.64,13.34,3,Monsoon
S0616,Institution,Central,12.955715,77.601014,91,12715.94,10.17,5,Winter
S0617,Institution,South,12.91528,77.592951,206,21495.39,18.92,3,Summer
S0618,Institution,North,13.096098,77.58411,320,45084.91,34.26,1,Monsoon
S0619,Hospital,West,12.968602,77.503739,358,37595.43,28.57,1,Monsoon
S0620,Institution,East,12.978679,77.673615,399,49995.34,38.0,2,Monsoon
S0621,Industry,North,13.113069,77.585197,336,56252.1,49.5,3,Summer
S0622,Institution,South,12.902872,77.596288,386,51996.28,45.76,0,Summer
S0623,Hospital,South,12.895093,77.597453,328,35142.96,26.71,1,Monsoon
S0624,Apartment,North,13.081692,77.602585,109,16417.25,14.45,6,Summer
S0625,Institution,South,12.880175,77.566678,314,48139.6,42.36,0,Summer
S0626,Apartment,North,13.091138,77.585184,245,38269.79,33.68,5,Summer
S0627,Hospital,Central,12.960759,77.589016,360,54551.5,43.64,1,Winter
S0628,Institution,East,12.964192,77.679943,107,18111.42,14.49,2,Winter
S0629,Industry,Central,12.968308,77.578355,426,55203.24,44.16,3,Winter
S0630,Hospital,West,12.974358,77.487441,378,62662.72,50.13,6,Winter
S0631,Apartment,South,12.908786,77.574846,215,29623.25,23.7,5,Winter
S0632,Apartment,South,12.88863,77.587113,222,22838.27,17.36,0,Monsoon
S0633,Apartment,South,12.885464,77.586066,67,10650.84,8.52,5,Winter
S0634,Industry,South,12.905793,77.575805,687,94429.75,71.77,0,Monsoon
S0635,Institution,East,12.995609,77.671496,306,46924.9,37.54,0,Winter
S0636,Institution,Central,12.95446,77.590634,123,13282.69,11.69,1,Summer
S0637,Industry,East,12.960588,77.675164,991,165557.68,145.69,0,Summer
S0638,Institution,North,13.084975,77.596546,190,24019.69,21.14,3,Summer
S0639,Hospital,North,13.103805,77.580397,320,54467.76,41.4,1,Monsoon
S0640,Institution,West,12.960761,77.507102,198,32060.02,24.37,6,Monsoon
S0641,Institution,North,13.088792,77.585261,362,52862.29,42.29,1,Winter
S0642,Commercial,North,13.110806,77.612286,261,29894.71,26.31,6,Summer
S0643,Hospital,North,13.080702,77.591732,182,28960.23,23.17,6,Winter
S0644,Institution,North,13.093924,77.59487,95,13817.5,10.5,4,Monsoon
S0645,Institution,West,12.965858,77.518968,190,29268.82,25.76,2,Summer
S0646,Hospital,East,12.993191,77.684246,194,25577.04,20.46,3,Winter
S0647,Industry,South,12.915978,77.588405,356,42623.27,32.39,3,Monsoon
S0648,Industry,South,12.898936,77.562389,417,61122.48,53.79,0,Summer
S0649,Institution,Central,12.959566,77.591229,222,32168.57,28.31,5,Summer
S0650,Institution,North,13.094627,77.589015,278,30931.46,27.22,1,Summer
S0651,Apartment,Central,12.983888,77.582606,132,14751.93,11.21,4,Monsoon
S0652,Apartment,South,12.901091,77.596257,144,22165.98,16.85,2,Monsoon
S0653,Industry,South,12.912394,77.597896,301,37095.35,29.68,3,Winter
S0654,Institution,South,12.901553,77.562425,253,26558.99,20.18,0,Monsoon
S0655,Commercial,Central,12.987224,77.589892,460,62474.38,54.98,5,Summer
S0656,Apartment,West,12.956626,77.492077,275,32821.65,24.94,4,Monsoon
S0657,Hospital,Central,12.987963,77.608492,539,65745.23,49.97,5,Monsoon
S0658,Hospital,North,13.110434,77.601874,451,60716.0,46.14,5,Monsoon
S0659,Commercial,East,12.982435,77.694558,107,12490.63,9.49,2,Monsoon
S0660,Commercial,West,12.966974,77.48548,430,70284.11,61.85,2,Summer
S0661,Commercial,West,12.955674,77.506365,268,31022.09,24.82,2,Winter
S0662,Hospital,South,12.899929,77.576267,336,59973.14,45.58,0,Monsoon
S0663,Hospital,South,12.888765,77.578359,423,62386.1,54.9,6,Summer
S0664,Industry,West,12.948558,77.480521,589,67857.87,51.57,2,Monsoon
S0665,Hospital,East,12.989285,77.674202,422,74614.18,65.66,4,Summer
S0666,Commercial,East,12.998116,77.698682,107,12083.91,10.63,5,Summer
S0667,Industry,North,13.108733,77.589894,626,95983.35,72.95,2,Monsoon
S0668,Apartment,North,13.118407,77.610543,142,19867.45,15.1,0,Monsoon
S0669,Industry,South,12.913416,77.591377,711,102497.21,90.2,6,Summer
S0670,Industry,North,13.105375,77.588883,963,110004.5,88.0,6,Winter
S0671,Commercial,North,13.109154,77.583816,200,23932.92,18.19,4,Monsoon
S0672,Institution,West,12.959236,77.506497,89,15317.85,11.64,5,Monsoon
S0673,Industry,West,12.955913,77.516781,698,97422.66,85.73,0,Summer
S0674,Commercial,East,12.99044,77.674869,216,22163.64,16.84,2,Monsoon
S0675,Apartment,North,13.118037,77.603085,255,38189.61,30.55,4,Winter
S0676,Commercial,West,12.95004,77.502563,190,25317.18,22.28,0,Summer
S0677,Hospital,South,12.889616,77.567664,514,91466.19,69.51,6,Monsoon
S0678,Apartment,North,13.100238,77.588834,154,18217.52,13.85,0,Monsoon
S0679,Hospital,West,12.947009,77.514671,386,45544.61,36.44,3,Winter
S0680,Institution,South,12.903265,77.577465,228,32224.58,24.49,1,Monsoon
S0681,Institution,West,12.973586,77.485753,278,47684.66,38.15,6,Winter
S0682,Industry,East,12.993834,77.676038,661,107365.73,94.48,1,Summer
S0683,Institution,Central,12.985555,77.59178,188,27690.6,24.37,0,Summer
S0684,Hospital,South,12.891828,77.583752,195,22730.38,20.0,0,Summer
S0685,Institution,South,12.894574,77.57181,274,29483.56,23.59,2,Winter
S0686,Commercial,Central,12.983433,77.583288,123,15769.61,13.88,3,Summer
S0687,Institution,North,13.086064,77.615035,260,31875.43,25.5,6,Winter
S0688,Hospital,South,12.91724,77.575673,330,53210.43,46.83,0,Summer
S0689,Institution,Central,12.973617,77.572453,392,69715.73,61.35,6,Summer
S0690,Commercial,North,13.088143,77.580404,311,36832.77,29.47,2,Winter
S0691,Institution,Central,12.952076,77.577645,117,18548.94,16.32,3,Summer
S0692,Industry,South,12.909676,77.593937,542,80633.6,61.28,5,Monsoon
S0693,Hospital,West,12.953012,77.508505,560,68160.45,59.98,0,Summer
S0694,Apartment,East,12.974838,77.696078,167,22120.84,17.7,5,Winter
S0695,Commercial,Central,12.965728,77.593626,340,44354.76,35.48,6,Winter
S0696,Apartment,North,13.10178,77.608373,236,28679.09,22.94,5,Winter
S0697,Commercial,South,12.903351,77.598089,109,15101.88,12.08,0,Winter
S0698,Institution,West,12.964062,77.491862,232,25611.71,22.54,4,Summer
S0699,Hospital,South,12.884101,77.580554,366,41638.77,33.31,0,Winter
S0700,Institution,North,13.117317,77.6131,183,20938.07,15.91,6,Monsoon
S0701,Hospital,Central,12.968469,77.60684,556,61165.57,48.93,4,Winter
S0702,Industry,Central,12.984468,77.580963,962,100193.86,80.16,0,Winter
S0703,Apartment,Central,12.963814,77.583424,101,11371.2,8.64,0,Monsoon
S0704,Apartment,East,12.988047,77.689082,224,30201.01,22.95,0,Monsoon
S0705,Commercial,Central,12.962479,77.5893,199,32416.39,24.64,3,Monsoon
S0706,Apartment,North,13.095374,77.581008,165,18141.85,13.79,5,Monsoon
S0707,Industry,East,12.988148,77.69881,900,97021.03,77.62,2,Winter
S0708,Hospital,North,13.100044,77.608248,582,83376.6,63.37,4,Monsoon
S0709,Commercial,East,12.980192,77.688738,489,53535.42,40.69,5,Monsoon
S0710,Apartment,Central,12.972108,77.585862,172,29299.73,23.44,0,Winter
S0711,Commercial,North,13.086291,77.592392,250,31330.99,27.57,5,Summer
S0712,Apartment,South,12.906908,77.591867,56,7001.63,6.16,6,Summer
S0713,Commercial,South,12.90287,77.593313,182,27343.58,20.78,3,Monsoon
S0714,Industry,North,13.106961,77.582073,312,31694.1,25.36,4,Winter
S0715,Industry,South,12.892271,77.574118,600,104879.73,79.71,4,Monsoon
S0716,Industry,Central,12.979308,77.586181,317,37967.26,33.41,0,Summer
S0717,Commercial,East,12.97143,77.677311,118,18195.99,13.83,2,Monsoon
S0718,Apartment,West,12.942263,77.494957,245,43748.17,38.5,3,Summer
S0719,Industry,South,12.906859,77.585291,725,117797.76,94.24,5,Winter
S0720,Apartment,Central,12.974044,77.609614,73,8913.7,7.13,1,Winter
S0721,Hospital,East,12.996589,77.660459,211,29855.67,22.69,0,Monsoon
S0722,Industry,Central,12.954125,77.591911,611,80828.02,71.13,4,Summer
S0723,Commercial,South,12.887593,77.583287,318,45021.28,34.22,6,Monsoon
S0724,Hospital,Central,12.960571,77.578213,494,78651.18,59.77,1,Monsoon
S0725,Hospital,East,12.971498,77.68627,171,19069.13,14.49,6,Monsoon
S0726,Hospital,South,12.883079,77.563023,379,39971.89,35.18,0,Summer
S0727,Industry,East,12.963683,77.683962,795,85357.26,75.11,1,Summer
S0728,Apartment,South,12.890696,77.560604,116,15063.85,12.05,2,Winter
S0729,Hospital,West,12.967041,77.508265,197,28896.86,23.12,2,Winter
S0730,Commercial,East,12.970844,77.683907,164,17935.91,15.78,0,Summer
S0731,Hospital,North,13.086193,77.617789,299,52362.25,41.89,4,Winter
S0732,Commercial,West,12.948105,77.503503,197,25587.22,20.47,4,Winter
S0733,Commercial,West,12.956326,77.480616,167,29208.53,22.2,0,Monsoon
S0734,Industry,Central,12.96801,77.608303,619,97837.95,86.1,5,Summer
S0735,Industry,South,12.887542,77.586898,375,57449.84,50.56,1,Summer
S0736,Apartment,East,12.960333,77.677343,212,36295.37,27.58,4,Monsoon
S0737,Apartment,East,12.996582,77.677361,64,10584.33,8.04,2,Monsoon
S0738,Institution,West,12.968938,77.480362,327,38695.14,29.41,2,Monsoon
S0739,Industry,East,12.985508,77.669681,411,47808.33,36.33,6,Monsoon
S0740,Institution,West,12.947971,77.515099,126,12897.4,10.32,0,Winter
S0741,Commercial,North,13.088576,77.590832,389,40845.82,32.68,4,Winter
S0742,Commercial,West,12.956991,77.488614,260,39995.73,32.0,1,Winter
S0743,Commercial,North,13.094888,77.593321,437,71845.96,54.6,2,Monsoon
S0744,Apartment,East,12.97974,77.671332,297,34458.7,26.19,1,Monsoon
S0745,Hospital,East,12.980544,77.670134,240,34011.82,27.21,2,Winter
S0746,Industry,Central,12.98083,77.5871,708,103903.19,91.43,0,Summer
S0747,Institution,North,13.093344,77.614608,261,44053.12,38.77,1,Summer
S0748,Industry,South,12.911495,77.578174,644,109414.2,87.53,2,Winter
S0749,Institution,East,12.988218,77.677104,193,29325.54,22.29,4,Monsoon
S0750,Institution,South,12.911359,77.576776,142,17521.47,15.42,2,Summer
S0751,Commercial,East,12.983954,77.668044,313,43885.89,38.62,4,Summer
S0752,Apartment,South,12.898781,77.561132,269,29168.06,23.33,6,Winter
S0753,Institution,North,13.108518,77.58046,200,24163.79,19.33,5,Winter
S0754,Hospital,West,12.944475,77.500657,351,61566.28,54.18,1,Summer
S0755,Institution,North,13.115268,77.612565,163,22118.46,19.46,3,Summer
S0756,Commercial,West,12.951567,77.492392,382,53938.57,40.99,6,Monsoon
S0757,Apartment,East,12.970195,77.689701,171,28434.64,22.75,0,Winter
S0758,Hospital,West,12.973125,77.488642,204,35949.94,27.32,3,Monsoon
S0759,Apartment,East,12.985289,77.674941,107,18755.99,14.25,0,Monsoon
S0760,Commercial,East,12.972744,77.696142,105,15148.32,13.33,2,Summer
S0761,Hospital,South,12.893956,77.580864,410,63203.66,50.56,0,Winter
S0762,Institution,South,12.893791,77.578474,392,39615.55,30.11,0,Monsoon
S0763,Industry,Central,12.956415,77.596946,852,134406.7,107.53,3,Winter
S0764,Commercial,South,12.889184,77.564702,346,34655.14,30.5,1,Summer
S0765,Hospital,South,12.901276,77.591577,243,27436.89,24.14,0,Summer
S0766,Institution,West,12.953809,77.496568,201,25796.68,22.7,3,Summer
S0767,Commercial,West,12.963286,77.484737,333,49490.53,37.61,5,Monsoon
S0768,Apartment,South,12.886677,77.569749,176,20897.58,18.39,6,Summer
S0769,Industry,South,12.909976,77.582876,562,81237.25,71.49,6,Summer
S0770,Institution,East,12.990155,77.694859,274,42665.74,34.13,6,Winter
S0771,Institution,South,12.910144,77.568147,220,37321.27,28.36,1,Monsoon
S0772,Institution,East,12.960886,77.697805,127,18853.28,15.08,4,Winter
S0773,Commercial,South,12.893488,77.565714,381,53714.44,47.27,4,Summer
S0774,Institution,South,12.895674,77.595827,86,13918.15,12.25,6,Summer
S0775,Commercial,South,12.896771,77.560725,116,19555.83,15.64,2,Winter
S0776,Hospital,North,13.09897,77.602427,266,31322.04,25.06,1,Winter
S0777,Hospital,Central,12.960131,77.570399,305,47513.52,36.11,0,Monsoon
S0778,Commercial,West,12.958602,77.514967,463,58657.6,51.62,0,Summer
S0779,Institution,East,12.981263,77.680422,226,38057.93,33.49,4,Summer
S0780,Commercial,West,12.959374,77.480535,129,19585.03,15.67,1,Winter
S0781,Industry,North,13.116071,77.588139,935,96640.51,77.31,5,Winter
S0782,Hospital,South,12.895576,77.58167,441,74014.9,59.21,3,Winter
S0783,Industry,West,12.965933,77.482964,532,87410.35,66.43,6,Monsoon
S0784,Industry,South,12.889262,77.597702,945,118779.86,104.53,2,Summer
S0785,Apartment,Central,12.9528,77.599169,89,9389.24,8.26,5,Summer
S0786,Hospital,Central,12.964979,77.584779,480,73218.41,58.57,2,Winter
S0787,Industry,North,13.117172,77.595169,261,43687.76,38.45,0,Summer
S0788,Hospital,South,12.880213,77.59218,466,50465.14,40.37,0,Winter
S0789,Apartment,West,12.963241,77.497043,107,17393.58,13.91,4,Winter
S0790,Commercial,South,12.894008,77.587099,308,31160.44,24.93,2,Winter
S0791,Industry,East,12.984819,77.68969,782,119645.0,95.72,6,Winter
S0792,Institution,West,12.975616,77.509999,294,43639.28,38.4,4,Summer
S0793,Institution,North,13.106165,77.615565,324,48791.58,42.94,1,Summer
S0794,Hospital,Central,12.962276,77.586599,416,50616.97,38.47,2,Monsoon
S0795,Industry,South,12.887415,77.583991,585,78383.02,62.71,3,Winter
S0796,Industry,North,13.108974,77.60983,535,56794.39,43.16,1,Monsoon
S0797,Apartment,South,12.885346,77.577754,72,10998.78,8.36,0,Monsoon
S0798,Institution,Central,12.960878,77.597694,318,47999.22,36.48,2,Monsoon
S0799,Industry,North,13.105455,77.59298,884,146808.9,117.45,4,Winter
S0800,Apartment,West,12.967786,77.488749,149,24719.31,18.79,1,Monsoon
S0801,Industry,West,12.966479,77.512598,587,80373.12,70.73,6,Summer
S0802,Institution,Central,12.957509,77.573535,283,31709.77,27.9,0,Summer
S0803,Institution,Central,12.96856,77.58056,175,20907.55,18.4,4,Summer
S0804,Commercial,North,13.105202,77.614325,275,34606.6,30.45,5,Summer
S0805,Commercial,South,12.915525,77.573012,203,31128.38,23.66,1,Monsoon
S0806,Apartment,North,13.113795,77.58996,231,36162.36,28.93,5,Winter
S0807,Commercial,East,12.963797,77.699956,398,69524.9,61.18,2,Summer
S0808,Industry,West,12.972267,77.514321,564,77418.06,68.13,6,Summer
S0809,Apartment,West,12.941614,77.496448,162,28656.63,25.22,2,Summer
S0810,Hospital,East,12.974417,77.69135,563,70387.52,53.49,4,Monsoon
S0811,Institution,West,12.949281,77.480575,193,30203.09,24.16,3,Winter
S0812,Institution,South,12.881558,77.593485,314,31534.3,25.23,2,Winter
S0813,Apartment,West,12.964985,77.514577,187,24543.28,19.63,3,Winter
S0814,Hospital,South,12.919627,77.590269,320,49308.81,37.47,4,Monsoon
S0815,Apartment,East,12.975569,77.669155,260,44062.94,33.49,2,Monsoon
S0816,Apartment,West,12.977166,77.493676,246,37058.87,32.61,4,Summer
S0817,Apartment,South,12.919825,77.599245,181,30567.94,26.9,1,Summer
S0818,Industry,South,12.908604,77.583726,914,160805.55,122.21,4,Monsoon
S0819,Commercial,South,12.906991,77.587101,309,33620.76,26.9,2,Winter
S0820,Apartment,South,12.886694,77.580014,218,33035.84,29.07,0,Summer
S0821,Commercial,North,13.105946,77.591012,438,70002.71,61.6,6,Summer
S0822,Apartment,North,13.103972,77.587174,253,26157.01,23.02,1,Summer
S0823,Institution,West,12.96671,77.513495,221,23171.49,17.61,1,Monsoon
S0824,Apartment,North,13.111164,77.604388,92,12538.34,9.53,5,Monsoon
S0825,Apartment,West,12.967428,77.516409,205,28511.33,25.09,5,Summer
S0826,Commercial,North,13.115265,77.60338,329,49812.64,43.84,5,Summer
S0827,Hospital,West,12.963328,77.503714,573,84532.75,74.39,3,Summer
S0828,Industry,West,12.94127,77.496933,920,136663.94,120.26,3,Summer
S0829,Institution,East,12.969851,77.687627,314,36706.14,27.9,4,Monsoon
S0830,Hospital,East,12.999047,77.687338,304,48334.2,38.67,6,Winter
S0831,Industry,Central,12.955009,77.578022,433,67243.58,59.17,6,Summer
S0832,Industry,Central,12.988935,77.5886,806,130630.78,104.5,5,Winter
S0833,Hospital,South,12.893411,77.562681,268,35289.42,31.05,0,Summer
S0834,Institution,West,12.974102,77.517519,90,14683.75,11.16,6,Monsoon
S0835,Apartment,Central,12.958432,77.579175,69,7204.83,6.34,1,Summer
S0836,Industry,Central,12.952993,77.587538,283,50330.46,38.25,5,Monsoon
S0837,Industry,West,12.946641,77.484577,435,53187.22,40.42,2,Monsoon
S0838,Commercial,North,13.09305,77.591975,449,45637.11,34.68,1,Monsoon
S0839,Industry,South,12.890259,77.574213,836,103829.8,83.06,3,Winter
S0840,Apartment,East,12.96842,77.692361,272,44103.24,33.52,5,Monsoon
S0841,Commercial,North,13.114586,77.586197,377,52313.67,39.76,6,Monsoon
S0842,Industry,South,12.908267,77.584689,389,43168.06,32.81,5,Monsoon
S0843,Commercial,East,12.991222,77.672145,454,45514.08,40.05,3,Summer
S0844,Hospital,West,12.959513,77.483291,396,70780.55,56.62,1,Winter
S0845,Hospital,East,12.992895,77.662279,333,42991.89,34.39,5,Winter
S0846,Institution,East,12.989,77.682972,185,23145.36,18.52,6,Winter
S0847,Commercial,North,13.085054,77.602502,131,22422.16,17.04,3,Monsoon
S0848,Hospital,South,12.880633,77.58091,482,76797.69,67.58,6,Summer
S0849,Apartment,North,13.102383,77.607482,237,30552.22,24.44,2,Winter
S0850,Industry,West,12.971989,77.484929,907,120895.51,96.72,5,Winter
S0851,Commercial,Central,12.986132,77.605595,328,46186.29,36.95,4,Winter
S0852,Commercial,South,12.903173,77.579585,194,25651.08,19.49,3,Monsoon
S0853,Commercial,North,13.102106,77.594887,259,31689.5,27.89,6,Summer
S0854,Industry,East,12.982835,77.667411,933,157062.03,119.37,2,Monsoon
S0855,Hospital,West,12.947314,77.513028,555,82310.98,72.43,5,Summer
S0856,Industry,South,12.918797,77.58285,384,62534.96,50.03,2,Winter
S0857,Apartment,East,12.997556,77.695759,125,18067.85,13.73,6,Monsoon
S0858,Institution,North,13.102929,77.593506,387,59528.79,47.62,0,Winter
S0859,Hospital,West,12.950106,77.500803,233,27953.83,24.6,5,Summer
S0860,Commercial,North,13.110067,77.604939,213,22211.89,19.55,3,Summer
S0861,Institution,South,12.910011,77.566082,352,43477.61,33.04,1,Monsoon
S0862,Commercial,East,12.99794,77.697787,427,49789.6,39.83,1,Winter
S0863,Apartment,East,12.991433,77.683598,278,38170.5,30.54,0,Winter
S0864,Commercial,East,12.9881,77.68461,345,46367.59,35.24,0,Monsoon
S0865,Commercial,West,12.968163,77.517407,320,50127.92,40.1,1,Winter
S0866,Institution,South,12.886828,77.561219,228,23629.05,17.96,0,Monsoon
S0867,Hospital,South,12.900423,77.584605,350,48113.25,38.49,3,Winter
S0868,Hospital,North,13.100051,77.58201,329,40229.35,30.57,0,Monsoon
S0869,Industry,Central,12.967527,77.603567,200,32736.12,24.88,2,Monsoon
S0870,Commercial,North,13.097962,77.589499,370,50784.2,40.63,4,Winter
S0871,Commercial,North,13.084464,77.604333,171,29717.99,26.15,3,Summer
S0872,Institution,East,12.97519,77.692058,269,28094.9,22.48,6,Winter
S0873,Hospital,Central,12.955019,77.600911,565,81651.82,62.06,4,Monsoon
S0874,Industry,West,12.962631,77.517166,589,76140.54,60.91,5,Winter
S0875,Institution,South,12.880766,77.593074,389,41624.51,36.63,0,Summer
S0876,Commercial,South,12.889377,77.573803,404,51136.88,38.86,1,Monsoon
S0877,Institution,West,12.966715,77.517328,235,34729.1,30.56,5,Summer
S0878,Hospital,South,12.90714,77.572702,599,89592.0,71.67,4,Winter
S0879,Institution,Central,12.985394,77.599563,297,51391.24,41.11,3,Winter
S0880,Hospital,East,12.998534,77.660411,437,62684.03,47.64,3,Monsoon
S0881,Commercial,East,12.984908,77.699604,285,34841.34,30.66,5,Summer
S0882,Industry,South,12.883158,77.577712,409,73348.3,55.74,0,Monsoon
S0883,Commercial,Central,12.987419,77.577429,307,41821.1,31.78,5,Monsoon
S0884,Hospital,South,12.882472,77.563694,549,86089.03,75.76,6,Summer
S0885,Institution,North,13.086019,77.618723,104,17998.1,15.84,2,Summer
S0886,Industry,Central,12.959866,77.588838,272,43545.61,38.32,1,Summer
S0887,Apartment,East,12.967088,77.671771,244,39177.58,29.77,0,Monsoon
S0888,Industry,South,12.880275,77.568498,892,107001.34,94.16,6,Summer
S0889,Apartment,North,13.096096,77.615383,133,21359.42,17.09,3,Winter
S0890,Commercial,South,12.892555,77.587642,228,30826.66,24.66,1,Winter
S0891,Hospital,East,12.967385,77.673684,489,81406.73,65.13,5,Winter
S0892,Hospital,North,13.086934,77.599433,521,64101.56,51.28,6,Winter
S0893,Hospital,Central,12.987996,77.575484,451,67911.15,59.76,0,Summer
S0894,Institution,East,12.975605,77.674205,191,22429.65,17.94,6,Winter
S0895,Hospital,East,12.986346,77.697262,376,54643.49,48.09,6,Summer
S0896,Hospital,West,12.967988,77.496434,287,36203.21,28.96,0,Winter
S0897,Hospital,Central,12.953309,77.580158,341,36949.52,29.56,4,Winter
S0898,Apartment,West,12.943026,77.494462,236,42113.13,37.06,4,Summer
S0899,Institution,South,12.889051,77.595828,81,12887.86,11.34,3,Summer
S0900,Apartment,Central,12.974678,77.604539,157,16997.01,13.6,1,Winter
S0901,Industry,East,12.99158,77.689926,644,77086.5,67.84,3,Summer
S0902,Institution,Central,12.989343,77.580387,302,49094.35,37.31,6,Monsoon
S0903,Commercial,West,12.945772,77.484628,444,68980.24,60.7,6,Summer
S0904,Institution,West,12.94873,77.519577,328,47957.06,38.37,5,Winter
S0905,Hospital,West,12.97591,77.509807,171,23630.15,18.9,4,Winter
S0906,Commercial,Central,12.981757,77.576332,372,46966.62,37.57,1,Winter
S0907,Hospital,North,13.086241,77.613384,227,39278.13,31.42,2,Winter
S0908,Institution,North,13.08885,77.59524,222,36827.56,27.99,2,Monsoon
S0909,Commercial,West,12.97126,77.49103,262,26551.21,20.18,4,Monsoon
S0910,Industry,North,13.11735,77.607355,416,61623.98,46.83,6,Monsoon
S0911,Apartment,East,12.979024,77.67631,247,37626.2,30.1,1,Winter
S0912,Commercial,West,12.978846,77.502488,113,18937.56,14.39,6,Monsoon
S0913,Apartment,South,12.896707,77.564654,68,11008.23,8.37,6,Monsoon
S0914,Commercial,West,12.966471,77.483072,199,30747.14,23.37,1,Monsoon
S0915,Industry,West,12.973346,77.512587,516,69687.93,52.96,6,Monsoon
S0916,Commercial,East,12.970213,77.664235,387,61920.88,47.06,5,Monsoon
S0917,Hospital,North,13.107033,77.606326,517,60673.31,48.54,5,Winter
S0918,Institution,East,12.967271,77.666273,299,51601.39,45.41,3,Summer
S0919,Commercial,South,12.896767,77.566728,336,52687.88,46.37,2,Summer
S0920,Institution,Central,12.959255,77.590097,250,30246.86,22.99,6,Monsoon
S0921,Hospital,West,12.948818,77.515447,513,88909.9,78.24,1,Summer
S0922,Institution,South,12.892663,77.571428,365,58470.02,44.44,1,Monsoon
S0923,Commercial,East,12.961722,77.691239,159,21546.46,17.24,5,Winter
S0924,Hospital,East,12.965857,77.693317,539,94569.7,71.87,4,Monsoon
S0925,Apartment,Central,12.967252,77.585162,200,28007.64,22.41,1,Winter
S0926,Apartment,Central,12.983768,77.589361,145,17682.86,13.44,1,Monsoon
S0927,Commercial,South,12.902922,77.573008,478,69191.66,55.35,1,Winter
S0928,Hospital,North,13.080255,77.619134,537,67633.9,54.11,0,Winter
S0929,Commercial,West,12.969135,77.493832,313,51843.49,39.4,2,Monsoon
S0930,Apartment,South,12.91787,77.576008,161,24077.14,21.19,4,Summer
S0931,Commercial,East,12.999613,77.661031,415,47845.59,38.28,5,Winter
S0932,Commercial,South,12.907522,77.564816,332,38461.42,29.23,1,Monsoon
S0933,Institution,Central,12.97491,77.578907,126,17608.71,14.09,6,Winter
S0934,Hospital,Central,12.966688,77.576409,386,56060.17,42.61,6,Monsoon
S0935,Institution,North,13.110291,77.615919,393,50006.73,40.01,6,Winter
S0936,Hospital,South,12.880664,77.586469,265,33615.21,25.55,1,Monsoon
S0937,Apartment,East,12.969353,77.660948,198,34820.3,30.64,6,Summer
S0938,Apartment,South,12.885418,77.569259,113,13810.58,11.05,0,Winter
S0939,Hospital,East,12.976785,77.662025,480,64128.16,56.43,2,Summer
S0940,Hospital,East,12.975716,77.661146,495,86991.54,69.59,0,Winter
S0941,Institution,Central,12.981495,77.582257,383,59678.03,52.52,3,Summer
S0942,Industry,West,12.955907,77.518952,841,88263.67,67.08,2,Monsoon
S0943,Industry,West,12.968378,77.49086,462,51077.44,38.82,6,Monsoon
S0944,Commercial,South,12.901995,77.562023,111,14745.2,11.8,2,Winter
S0945,Commercial,Central,12.982226,77.578973,475,57356.76,50.47,4,Summer
S0946,Industry,South,12.883597,77.56773,829,105279.97,80.01,3,Monsoon
S0947,Institution,East,12.971493,77.67119,349,55908.92,44.73,4,Winter
S0948,Hospital,South,12.914825,77.590363,434,55010.41,41.81,3,Monsoon
S0949,Commercial,West,12.967752,77.50211,205,23920.85,21.05,4,Summer
S0950,Apartment,West,12.970406,77.486156,197,31266.35,23.76,6,Monsoon
S0951,Hospital,West,12.954443,77.496338,421,47869.21,38.3,5,Winter
S0952,Institution,South,12.881387,77.575676,113,13048.66,9.92,5,Monsoon
S0953,Hospital,East,12.999041,77.673793,329,56474.56,49.7,3,Summer
S0954,Institution,South,12.884884,77.564445,117,13951.38,10.6,6,Monsoon
S0955,Institution,Central,12.981621,77.575644,367,60902.93,48.72,1,Winter
S0956,Commercial,East,12.961812,77.686255,174,22417.81,17.04,1,Monsoon
S0957,Institution,West,12.941398,77.51959,156,27987.42,21.27,1,Monsoon
S0958,Industry,West,12.960185,77.484691,689,112655.25,90.12,2,Winter
S0959,Industry,South,12.903112,77.594644,538,96201.91,84.66,1,Summer
S0960,Industry,South,12.897374,77.577858,393,49684.15,37.76,0,Monsoon
S0961,Commercial,North,13.100028,77.605794,344,46223.22,35.13,0,Monsoon
S0962,Hospital,East,12.965167,77.663982,476,48216.91,42.43,1,Summer
S0963,Commercial,Central,12.960143,77.588838,447,51673.52,39.27,6,Monsoon
S0964,Commercial,South,12.888413,77.590615,485,71875.83,57.5,3,Winter
S0965,Institution,South,12.884114,77.565038,375,40298.14,32.24,2,Winter
S0966,Apartment,South,12.913875,77.572973,283,48440.01,42.63,5,Summer
S0967,Hospital,Central,12.974126,77.597301,465,46550.08,40.96,3,Summer
S0968,Institution,Central,12.961037,77.600743,345,53608.98,42.89,0,Winter
S0969,Industry,North,13.105013,77.609883,753,90425.07,68.72,5,Monsoon
S0970,Hospital,West,12.945239,77.50424,391,40507.5,32.41,0,Winter
S0971,Industry,Central,12.989876,77.577338,800,139447.01,111.56,0,Winter
S0972,Hospital,South,12.898613,77.560547,501,82434.84,72.54,3,Summer
S0973,Commercial,West,12.959309,77.511098,223,35220.7,28.18,5,Winter
S0974,Institution,North,13.091837,77.606553,157,20697.43,16.56,6,Winter
S0975,Hospital,East,12.995615,77.683075,274,27941.08,21.24,4,Monsoon
S0976,Apartment,South,12.882776,77.563595,195,21488.78,18.91,1,Summer
S0977,Industry,North,13.116691,77.596264,653,102636.91,78.0,3,Monsoon
S0978,Commercial,North,13.109074,77.611391,455,67539.52,51.33,0,Monsoon
S0979,Institution,North,13.113501,77.604579,373,46127.39,36.9,4,Winter
S0980,Hospital,South,12.890878,77.568716,298,44907.68,34.13,5,Monsoon
S0981,Commercial,South,12.897695,77.561699,495,62311.8,54.83,4,Summer
S0982,Industry,North,13.113491,77.585095,757,83849.94,67.08,3,Winter
S0983,Apartment,South,12.91697,77.578427,93,14134.42,10.74,4,Monsoon
S0984,Apartment,Central,12.985771,77.595796,172,21311.25,17.05,2,Winter
S0985,Institution,West,12.940001,77.508485,352,50810.68,40.65,5,Winter
S0986,Institution,Central,12.950516,77.591612,330,54743.21,48.17,4,Summer
S0987,Apartment,North,13.100578,77.583402,202,26406.13,21.12,1,Winter
S0988,Apartment,Central,12.974285,77.585549,138,18104.49,15.93,0,Summer
S0989,Institution,East,12.972597,77.663866,154,25622.19,20.5,5,Winter
S0990,Hospital,West,12.957764,77.501275,367,38632.23,34.0,3,Summer
S0991,Apartment,West,12.963309,77.512499,107,14778.51,13.01,0,Summer
S0992,Apartment,North,13.096108,77.6069,119,17538.71,14.03,2,Winter
S0993,Institution,Central,12.964587,77.59954,276,40373.11,30.68,3,Monsoon
S0994,Institution,South,12.902906,77.57027,246,41777.87,31.75,5,Monsoon
S0995,Commercial,Central,12.989787,77.5737,270,31031.42,23.58,3,Monsoon
S0996,Commercial,Central,12.9807,77.582301,210,31367.38,25.09,5,Winter
S0997,Apartment,East,12.969302,77.669041,249,44092.52,35.27,2,Winter
S0998,Industry,South,12.89914,77.583423,336,35912.54,28.73,2,Winter
S0999,Apartment,Central,12.983297,77.609019,256,36748.18,27.93,5,Monsoon
S1000,Commercial,West,12.941924,77.491827,110,11365.89,10.0,2,Summer
